k,E1,E2,E3,E4,E5,E6,E7,E8,E9
0.0,-0.0,0.0,0.0,5.041767598033338,5.041767598033338,7.249757165127713,8.628129871687252,8.75766578726466,10.66183894951433
0.006667,-0.0036814965823240195,0.0660031178798417,0.10492864851900707,5.041962465523444,5.042711955870009,7.2493044729583875,8.628189830914977,8.757821681256745,10.66130231442619
0.013333,-0.0050635567813886555,0.1320002398369109,0.20978534596474396,5.042547067993763,5.0455360354958625,7.247946396450413,8.628372706559539,8.758289363233,10.659698405084542
0.02,0.006991245952752128,0.19798536994843505,0.3145011392253268,5.043518407482911,5.050224847103969,7.245688931526561,8.628675500659552,8.759056841347883,10.657027221489386
0.026667,0.0187162729344046,0.26395251229164163,0.41900107926609903,5.044879481952272,5.056745413119079,7.242538074109605,8.6291012111764,8.760124115601391,10.653297757524882
0.033333,0.032731742415157694,0.32989267298237196,0.5232192109365631,5.046624295479074,5.065061758004557,7.2385028180837026,8.629649838110085,8.761479194147979,10.648519007075189
0.04,0.049541311907902626,0.3958028540592397,0.6270805852020626,5.048752848063317,5.075122916416836,7.233589159371627,8.630315385537834,8.76310408921933,10.642702961985849
0.046667,0.06918095694927448,0.4616710636766998,0.730522244873486,5.0512621417436145,5.086868929128193,7.227815085741695,8.631097853459648,8.7649868089699,10.635864612063797
0.053333,0.09162069792541071,0.5274913059119798,0.833469240916177,5.0541461805971934,5.100227845065355,7.221189591078066,8.63199424391414,8.767106367669985,10.62801894711596
0.06,0.1167975776471999,0.5932485909581484,0.9358586161410241,5.057404964624055,5.115127713155054,7.213733661110444,8.633004556901305,8.769447775512651,10.61918395491066
0.066667,0.14463964504137186,0.6589399208538194,1.0376214174361433,5.061032497901427,5.13148758843986,7.205465283607146,8.63412279649838,8.771990046768197,10.6093806211776
0.073333,0.1750629571891114,0.7245473078306751,1.1386946876124235,5.065019786545149,5.1492115361554145,7.196399448375105,8.635342966782588,8.774715193668305,10.598632929607867
0.08,0.20797757524883076,0.7900587600431707,1.2390124715193667,5.069369828516608,5.168215613382899,7.186557141144021,8.636662069792541,8.777599232521885,10.586961865931166
0.086667,0.2432935603789423,0.8554622856457609,1.3385088140064756,5.074073629931646,5.188397889435183,7.175959347643602,8.638071111644082,8.780624175560618,10.574391413838589
0.093333,0.2809119798536995,0.9207398968701282,1.437129751768797,5.079122196906103,5.209662429547907,7.1646270536035495,8.63956409641444,8.783772035016188,10.560948554982613
0.1,0.3207309029859695,0.9858796018707278,1.5348063316944478,5.08451552943998,5.231907303033937,7.152584242714954,8.641129032258064,8.787024823120278,10.546657273054324
0.106667,0.36265439501139224,1.0508604149178558,1.6314845904784747,5.090244633649118,5.255036575128912,7.139848902746133,8.642759923252187,8.790364552104569,10.531541551744812
0.113333,0.40657452932006233,1.1156673462045807,1.7271075668545388,5.096303513610745,5.278945317184315,7.126448015349562,8.644447775512651,8.793773234200744,10.515628372706558
0.12,0.45238937522484707,1.1802824079625855,1.8216153015949155,5.1026831754407,5.3035405923971695,7.112402566254946,8.646177599232521,8.797241875524643,10.498944717592037
0.126667,0.49999700203861375,1.2446846144621655,1.9149538313946515,5.109383619138985,5.328720470080345,7.0977365391533755,8.647943398489026,8.800749490346563,10.481517568053723
0.133333,0.5492984770356157,1.3088559779350042,2.007075188871567,5.116392852860055,5.354395011392254,7.082473917735939,8.649733181436623,8.804290082743734,10.46336790982132
0.14,0.6001888715673341,1.372775512651397,2.0979194147979374,5.123704880681136,5.380468281568533,7.066638685693728,8.651534956229764,8.807851660870607,10.444519726585922
0.146667,0.6525662549466362,1.4364252308430268,2.187441539752968,5.131316704640844,5.406859335651757,7.050257824679218,8.653336731022904,8.811425230843026,10.425
0.153333,0.706337690370548,1.4997841467801893,2.2755876004317064,5.1392223288164045,5.433478234800336,7.033352320422113,8.655129511931886,8.815001798776832,10.404829715793259
0.16,0.7614042451133229,1.5628342726945676,2.3623096294519725,5.147409761362273,5.460244034056841,7.015955150497661,8.656904305072551,8.81857536874925,10.384029859695408
0.166667,0.8176699844106008,1.6255576208178437,2.4475596594315863,5.155879002278451,5.487087780309389,6.998090298596954,8.658649118599353,8.822136946876125,10.362621417436143
0.173333,0.8750419714594075,1.6879332054203142,2.53129571891114,5.16461805971939,5.513928528600551,6.979787744333853,8.660354958628131,8.825683535196067,10.340625374745173
0.18,0.9334332653795419,1.749940040772275,2.6134638445856817,5.17362993164648,5.540706319702601,6.96107746732222,8.662009833313347,8.829209137786304,10.318059719390813
0.186667,0.9927509293680296,1.8115661350281809,2.694022064995803,5.182902626214174,5.567355198465044,6.94198944717592,8.663610744693608,8.832710756685453,10.294945437102768
0.193333,1.052911020506056,1.8727935004197145,2.7729254107207097,5.192433145461086,5.5938152056601504,6.9225596594315855,8.665142702961985,8.836185393932126,10.271297517687971
0.2,1.1138265979134188,1.9336041491785583,2.850131910300995,5.202215493464444,5.620032377982971,6.902818083703082,8.666602710157091,8.839630051564935,10.247133948914739
0.206667,1.175419714594076,1.9939860894591674,2.9255905983930925,5.212246672262861,5.645958748051325,6.8828096894112,8.667978774433385,8.843041731622497,10.222472718551384
0.213333,1.2376094255905983,2.0539243314546107,2.999262501498981,5.222523683894951,5.671540352560259,6.862567454131191,8.669267897829476,8.846417436143422,10.197328816404845
0.22,1.300314785945557,2.113406883319343,3.071099652236479,5.2330405324379425,5.696744213934524,6.84213334932246,8.670458088499819,8.849757165127713,10.17172322820482
0.226667,1.3634608466242955,2.1724187552464325,3.1410600791461807,5.243791221969061,5.721522364791942,6.821552344405804,8.671546348483032,8.853060918575368,10.145667945796857
0.233333,1.4269726585921574,2.2309509533517207,3.2090958148459046,5.254775752488308,5.7458418275572605,6.800869408802014,8.672520685933565,8.856328696486388,10.119186952872045
0.24,1.4907812687372586,2.288994483751049,3.27516788583763,5.265991126034296,5.769666626693848,6.780132509893272,8.673375104928649,8.859557500899388,10.092295239237318
0.246667,1.5548147259863292,2.346540352560259,3.339228324739177,5.27743434464564,5.792969780549226,6.759386617100372,8.674100611584123,8.862756325698525,10.065013790622375
0.253333,1.6190040772274854,2.4035795658951913,3.4012321621297517,5.289099412399568,5.815724307470919,6.738685693728264,8.674688212015829,8.865922172922412,10.037363592756925
0.26,1.683283367310229,2.4601031298716873,3.4611344285885597,5.300986329296078,5.837897229883679,6.718083703081904,8.675125914378222,8.869061038493825,10.009365631370668
0.266667,1.7475866410840626,2.5161050485669745,3.5188931526561937,5.313092097373786,5.8594705600191865,6.697631610504857,8.67540772274853,8.872178918335532,9.98104688811608
0.273333,1.8118509413598753,2.5715793260582807,3.5744603669504733,5.325413718671303,5.880417316224967,6.677383379302074,8.675521645281208,8.875281808370309,9.952428348722869
0.28,1.876016308909941,2.6265199664228325,3.6277941000119918,5.337951193188631,5.900722508694088,6.657395970739897,8.67545569013071,8.878381700443697,9.923542990766279
0.286667,1.9400227845065354,2.6809209737378583,3.67885238038134,5.350698525002998,5.920359155774073,6.6377203501618895,8.675194867490106,8.881481592517087,9.894420793860174
0.293333,2.0038074109605466,2.7347703561578127,3.7275962345604987,5.363652716153015,5.939312267657993,6.618413478834392,8.674730183475237,8.884596474397409,9.865085741695646
0.3,2.0673192229284085,2.788071111644082,3.773983691090059,5.376816764600071,5.957566854538913,6.5995293200623575,8.674043650317783,8.887738337930207,9.835579805732102
0.306667,2.1304982611823955,2.840811248351121,3.8179817723947713,5.390181676460007,5.9750989327257455,6.581115841227964,8.673129272094975,8.890919174961025,9.805935963544789
0.313333,2.193293560378942,2.8929817723947715,3.859557500899388,5.403747451732821,5.991896510372946,6.563221009713394,8.671969061038494,8.894156973258184,9.776190190670343
0.32,2.255654155174481,2.9445766878522606,3.8986808969900464,5.417511092457129,6.007941599712195,6.54588979493944,8.670548027341408,8.897466722628613,9.746384458568173
0.326667,2.3175260822640604,2.995587000839429,3.935330974937042,5.4314696006715435,6.023222208897948,6.529167166326897,8.668857177119557,8.900860414917856,9.716557740736299
0.333333,2.378861374265499,3.046003717472119,3.9694897469720583,5.445616980453291,6.037717352200503,6.513086101451012,8.666884518527402,8.904362033817003,9.6867580045569
0.34,2.439612063796618,3.0958088499820122,4.001154215133709,5.4599502338409875,6.051412039812927,6.497676579925651,8.664618059719391,8.907983571171604,9.657024223528001
0.346667,2.499733181436623,3.14499340448495,4.030318383499221,5.47446336491186,6.064297277851061,6.482962585441899,8.662045808849982,8.91174301474997,9.62740436503178
0.353333,2.55917975776472,3.193536395251229,4.056994243914138,5.489153375704521,6.076355078546587,6.468965103729463,8.659161769996402,8.91565835232042,9.597946396450412
0.36,2.6179038253987286,3.2414198345125316,4.081205780069553,5.504011272334813,6.087573450053963,6.4556871327497305,8.655962945197265,8.919741575728505,9.568698285166086
0.366667,2.6758694088020145,3.2886167406163804,4.102985969540712,5.519031058879961,6.097940400527641,6.443131670464084,8.652440340568413,8.924010672742535,9.539702002638206
0.373333,2.7330315385537833,3.335097133948915,4.122382779709797,5.534209737378582,6.10744094016069,6.43129571891114,8.648593956109845,8.92847763520806,9.511011512171724
0.38,2.7893512411560137,3.3808250389734975,4.139459167765919,5.5495323180237435,6.116069073030339,6.42016129032258,8.644426789782948,8.933148459047848,9.482671783187431
0.386667,2.8447925410720707,3.4257584842307227,4.154302074589279,5.564992804892673,6.123815805252428,6.409707398968701,8.63993884158772,8.938038134068833,9.454727785106126
0.393333,2.899316464803933,3.4698405084542507,4.167007434944238,5.580582204101211,6.130675140904184,6.399898069312867,8.635139105408323,8.943152656193787,9.427224487348603
0.4,2.952887036814966,3.5130021585321978,4.1777041611704036,5.596288523803813,6.136638086101451,6.390697325818444,8.630036575128912,8.948489027461326,9.400209857297037
0.406667,3.0054712795299197,3.555162489507135,4.186545149298476,5.612099772154934,6.141707638805611,6.382060199064636,8.624637246672263,8.954059239716992,9.373719870488069
0.413333,3.0570332174121595,3.5962105768077706,4.193707279050246,5.62800395730903,6.145880801055283,6.373932725746492,8.618962105768077,8.959854299076627,9.347799496342487
0.42,3.107542870847823,3.636008514210337,4.199412399568294,5.643983091497781,6.1491635687732344,6.36626094255906,8.613020146300515,8.965874205540231,9.32248471039693
0.426667,3.1569702602230483,3.6743884158772033,4.203927329415997,5.6600251828756445,6.1515619378822395,6.358981892313227,8.60683235399928,8.972109965223648,9.297808490226645
0.433333,3.2052824079625855,3.711125434704401,4.207566854538913,5.676112243674301,6.153084902266459,6.3520356157812685,8.600419714594077,8.978558580165489,9.273803813406882
0.44,3.2524523324139585,3.745937762321621,4.210714713994483,5.692223288164048,6.1537534476555935,6.345356157812687,8.59380021585322,8.985202062597432,9.250497661590117
0.446667,3.298450053963305,3.7784686413238995,4.213835591797578,5.708337330615181,6.1535825638565775,6.338880561218371,8.587000839429187,8.992034416596715,9.227917016428828
0.453333,3.343248590958148,3.8082893632330017,4.217466123036335,5.724436383259383,6.152599232521885,6.332539872886437,8.580045569013071,8.999031658472237,9.20607986569133
0.46,3.3868209617460123,3.834893272574649,4.222223887756326,5.740493464444177,6.150830435303993,6.3262801295119315,8.572955390334572,9.006181796378462,9.185010193068713
0.466667,3.429143182635807,3.857746732222089,4.2287564456169795,5.756481592517089,6.1483151457009235,6.320035375944358,8.565760283007554,9.013463844585681,9.164719990406523
0.473333,3.4701852740136703,3.8763490826238156,4.2376783787024825,5.7723707878642525,6.145092337210696,6.313751648878762,8.558487228684495,9.020853819402806,9.145221249550305
0.48,3.5099292481112845,3.890346564336251,4.249457368989087,5.788131070871807,6.141209977215493,6.307383978894352,8.551163209017867,9.028330735100132,9.126516968461447
0.486667,3.548348123276172,3.8996282527881037,4.264312267657992,5.803723468041731,6.136722029020265,6.300884398608946,8.543812207698764,9.035870607986569,9.108619138985489
0.493333,3.5854179158172443,3.904368029739777,4.282183115481472,5.8191120038373905,6.1316914498141255,6.294213934524524,8.536467202302433,9.043446456409642,9.091524763161049
0.5,3.6211146420434104,3.9049796138625736,4.302758124475356,5.834245712915218,6.126184194747571,6.287342607027221,8.52914917855858,9.051031298716872,9.075233840988128
0.506667,3.6554233121477395,3.9020236239357238,4.325581604508933,5.849082623815805,6.120281208778031,6.28024643242595,8.52189111404245,9.0585951552944,9.05974037654395
0.513333,3.688316944477755,3.896111644082024,4.350140904185154,5.863553783427269,6.114066434824319,6.2729044249910055,8.514716992445138,9.045041371867129,9.06611704041252
0.52,3.7197775512651394,3.8878162849262496,4.375956349682216,5.877599232521885,6.107647799496342,6.26530759083823,8.507653795419115,9.031124835112124,9.073563976495983
0.526667,3.749790142702962,3.87765919174961,4.402596234560499,5.891129032258064,6.101136227365392,6.257458927929008,8.500725506655474,9.017981772394771,9.080908981892312
0.533333,3.778330735100132,3.866081064875884,4.429697805492265,5.904047247871446,6.094666626693848,6.249361434224727,8.493956109845305,9.005603189830914,9.088122076987647
0.54,3.8053873366111044,3.853462645401127,4.4569582683775035,5.916230962945197,6.08840088739657,6.241030099532318,8.487372586641085,8.993974097613622,9.095176280129511
0.546667,3.8309479553903345,3.8401217172322824,4.48412279649838,5.927524283487228,6.082527881040892,6.23248890754287,8.480995922772514,8.983079505935962,9.102044609665427
0.553333,3.8263310948554983,3.854997601630891,4.510978534596474,5.937738337930207,6.0772724547307835,6.2237678378702475,8.474850101930686,8.972904424991006,9.108700083942917
0.56,3.8123246192589035,3.8775272814486144,4.537342607027221,5.946645281208778,6.0729014270296195,6.214908861973857,8.468956109845305,8.963436862933206,9.115118719270896
0.566667,3.7983091497781505,3.89853399688212,4.563047127952992,5.954002278450653,6.069690610384938,6.205959947235879,8.463328936323299,8.954661829955631,9.121273533996881
0.573333,3.7844645640964143,3.9180087540472477,4.587942199304473,5.959581484590478,6.067897829475956,6.1969810528840386,8.457992565055761,8.946558340328576,9.127140544429787
0.58,3.770949754167166,3.9359575488667704,4.611889914857897,5.963265979134188,6.067672982371987,6.18803213814606,8.45296198584962,8.9391144022065,9.132698764839908
0.586667,3.7579086221369464,3.9523833793020744,4.634758364312268,5.965100731502578,6.068998081304713,6.179191150017988,8.44825218851181,8.932315025782467,9.137930207458927
0.593333,3.7454730783067514,3.9672952392373184,4.656415637366591,5.965328576567933,6.071657273054322,6.170533037534476,8.443878162849263,8.926142223288164,9.142807890634367
0.6,3.733754047247871,3.98071111644082,4.6767358196426425,5.9643092696966065,6.075305792061398,6.162150737498501,8.439851900707518,8.920584002878043,9.147322820482072
0.606667,3.722859455570212,3.992643002758124,4.695595994723587,5.962441539752968,6.079565895191269,6.154131190790262,8.436188391893511,8.915625374745172,9.151451013310949
0.613333,3.7128792421153616,4.003126873725866,4.712876244153975,5.960079146180597,6.084092816884518,6.146573330135507,8.432893632330016,8.911248351121237,9.155180477275453
0.62,3.703894351840748,4.012186713035136,4.728459647439741,5.95751289123396,6.088601750809449,6.139576088259982,8.429976615901186,8.90744094016069,9.158502218491424
0.626667,3.6959767358196425,4.019861494183955,4.7422322820482075,5.9549616260942555,6.092873845784866,6.133238397889435,8.427446336491187,8.904191150017986,9.161398249190551
0.633333,3.689183355318383,4.026196186593117,4.754092217292241,5.952593236599112,6.096738218011751,6.127656193788224,8.425302794100011,8.901477994963425,9.163865571411439
0.64,3.6835681736419232,4.031241755606188,4.7639435184074825,5.950527641203982,6.10007195107327,6.122925410720709,8.423551984650437,8.899292481112843,9.16589219330855
0.646667,3.6791701642882835,4.03505216452812,4.771696246552344,5.948848782827677,6.102770116320901,6.1191329895670945,8.422193908142463,8.897619618659311,9.167472118959108
0.653333,3.6760133109485547,4.0376903705480265,4.7772874445377145,5.947613622736538,6.1047607626813765,6.116350881400647,8.421231562537473,8.896444417795898,9.168602350401727
0.66,3.67411859935244,4.039219330855018,4.780666147020026,5.9468611344285875,6.105986928888355,6.114648039333253,8.420655953951313,8.895748890754287,9.169282887636406
0.666667,3.67348602949994,4.039713994483751,4.7817933805012585,5.9466063077107565,6.106403645521046,6.1140724307470915,8.420464084422592,8.89552104568893,9.169510732701763
0.67,3.673641923492025,4.0395940760283,4.781511572130951,5.946669264899868,6.1062987168725265,6.114219330855018,8.420512051804772,8.895578006955269,9.169453771435423
0.673333,3.6741126034296676,4.039246312507495,4.780666147020026,5.946858136467203,6.105977935004197,6.114657033217412,8.420652955989926,8.895742894831514,9.169282887636406
0.676667,3.6748920733900947,4.038673701882719,4.779260103129872,5.947172922412759,6.105444297877443,6.1153915337570455,8.420886796978055,8.89601870727905,9.1690010792661
0.68,3.6759773354119196,4.037894231922293,4.777296438421873,5.947610624775153,6.1046888116081055,6.116416836551145,8.42121057680777,8.896399448375103,9.168608346324499
0.683333,3.677365391533757,4.036910900587601,4.774781148818803,5.9481682455929965,6.103717472118959,6.117738937522485,8.421624295479074,8.896888116081064,9.168101690850222
0.686667,3.6790502458328334,4.035738697685574,4.771720230243434,5.948839788943518,6.102524283487228,6.119354838709677,8.422127952991964,8.897475716512771,9.16748710876604
0.69,3.681025902386377,4.034386617100371,4.768128672502698,5.949625254826718,6.101112243674302,6.121258544189951,8.422718551385056,8.898162249670223,9.166761602110565
0.693333,3.6832833673102288,4.032863652716152,4.76400947355798,5.950521645281208,6.0994813526801765,6.123447056001918,8.423396090658352,8.898947715553424,9.165928168845184
0.696667,3.6858166446816165,4.031181796378463,4.759380621177598,5.951516968461446,6.097634608466242,6.125917376184194,8.424154574889075,8.899829116200983,9.164983811008513
0.7,3.6886167406163803,4.029353039932845,4.754251109245712,5.95261122436743,6.095572011032498,6.128660510852621,8.424997002038614,8.900803453651516,9.163934524523324
0.703333,3.6916716632689766,4.027383379302075,4.748635927569253,5.953792421153615,6.093296558340328,6.131673462045808,8.425917376184193,8.901870727905024,9.16277731142823
0.706667,3.6949694207938597,4.025287804293081,4.742556061877923,5.955057560858616,6.090814246312507,6.134947235879602,8.426918695287204,8.903021945077347,9.161518167646001
0.71,3.6985040172682573,4.023072310828637,4.736029499940041,5.956394651636886,6.088131070871807,6.138475836431226,8.427991965463484,8.904263101091258,9.160154095215255
0.713333,3.7022544669624655,4.020751888715673,4.729071231562537,5.957791701642883,6.085253027941,6.142247271855138,8.42914018467442,8.905585202062598,9.15869109005876
0.716667,3.7062117759923248,4.01833553183835,4.721705240436503,5.959239716992445,6.082189111404245,6.146252548267178,8.430360354958628,8.906988247991364,9.157123156253746
0.72,3.710357956589519,4.015832234080825,4.713955510253028,5.960726705840028,6.078951313107087,6.150485669744573,8.431646480393331,8.908469240916176,9.15546228564576
0.723333,3.714678018947116,4.013250989327258,4.7058460247032015,5.962228684494543,6.075548626933685,6.154934644441779,8.432998560978533,8.910028180837031,9.153702482312028
0.726667,3.7191479793740254,4.010603789423192,4.697397769516728,5.963733661110444,6.072005036575129,6.159587480513251,8.434416596714232,8.911659071831155,9.151846744213934
0.73,3.723752848063317,4.007902626214174,4.688643722268857,5.965211656073869,6.068338529799736,6.164435184074829,8.435891593716272,8.913358915937163,9.149898069312867
0.733333,3.728471639285286,4.00515049766159,4.679610864612063,5.966638685693728,6.064576088259983,6.169465763280969,8.437426549946037,8.915130711116442,9.147859455570213
0.736667,3.7332743734260703,4.002362393572371,4.670332174121597,5.967975776471999,6.060750689531118,6.174673222208898,8.439015469480752,8.91696546348483,9.145733900947354
0.74,3.7381430627173518,3.999544309869289,4.660834632449934,5.969180956949274,6.056907303033936,6.180039573090299,8.440655354359034,8.91886317304233,9.143521405444298
0.743333,3.743047727545269,3.9967082383978894,4.651154215133709,5.970194267897829,6.053096894112004,6.185558820002398,8.442346204580884,8.92081784386617,9.141224967022424
0.746667,3.7479583882959586,3.9938601750809446,4.641326897709558,5.970952752128553,6.049391413838589,6.191221969061038,8.444079026262141,8.922832473917735,9.138847583643122
0.75,3.7528480633169443,3.991009113802614,4.631388655714114,5.971369468761242,6.04586581124835,6.197011032497901,8.445856817364193,8.924904065235639,9.136392253267777
0.753333,3.757677779110205,3.988164048447056,4.621381460606787,5.971354478954311,6.042616021105648,6.2029230123516,8.447673581964263,8.927023623935723,9.133861973857776
0.756667,3.762417556061878,3.9853339728984287,4.611347283846984,5.970802854059239,6.039746972059,6.208942918815206,8.44952632210097,8.929194147979373,9.131256745413118
0.76,3.7670284206739417,3.982524883079506,4.601325098932725,5.969615661350281,6.037360594795539,6.215061758004556,8.451409041851539,8.931409641443818,9.128582563856577
0.763333,3.771471399448375,3.979742774913059,4.591362873246192,5.967705959947235,6.035531838349922,6.221270536035495,8.45332473917736,8.933670104329055,9.12583942918815
0.766667,3.775701522964384,3.9769966422832472,4.581508574169564,5.965031778390695,6.034314666027101,6.227557261062477,8.455261422232882,8.935969540712314,9.123033337330615
0.77,3.7796798177239475,3.9742954790742293,4.571810169085022,5.961590118719271,6.033709077827077,6.233915937162729,8.457222088979494,8.938307950593597,9.120167286245353
0.773333,3.783355318383499,3.971642283247392,4.5623186233361315,5.957410960546827,6.033685094135987,6.240334572490706,8.459200743494423,8.940679338050126,9.117244273893752
0.776667,3.7866830555222446,3.9690430507255066,4.553084902266459,5.952560259023863,6.034182755726105,6.24680417316225,8.461194387816285,8.94308670104329,9.114267298237197
0.78,3.789612063796618,3.9665097733541193,4.544162969180957,5.947109965223648,6.035124115601391,6.253318743254587,8.46320002398369,8.945521045688931,9.111239357237078
0.783333,3.792094375824439,3.9640394531718433,4.535609785345965,5.941141024103609,6.036437222688572,6.259866290922173,8.465214654035256,8.947985369948434,9.108163448854778
0.786667,3.794082024223528,3.961641084062837,4.527476316105048,5.934719390814245,6.03805612183715,6.266440820242235,8.467229284086821,8.950473677899028,9.10504556901307
0.79,3.7955180477275454,3.9593236599112607,4.519816524763161,5.92790802254467,6.039920853819402,6.2730363352920016,8.469246912099772,8.952982971579326,9.101888715673342
0.793333,3.7963604748770834,3.957084182755726,4.5126843746252545,5.920751888715674,6.041986449214534,6.279640844225925,8.47125854418995,8.955510253027942,9.098698884758363
0.796667,3.7965583403285765,3.9549316464803934,4.50612783307351,5.913298956709437,6.044210936563137,6.286251349082623,8.473267178318743,8.958055522244873,9.095473078306751
0.8,3.7960726705840027,3.9528690490466483,4.500194867490106,5.905582204101211,6.046567334212735,6.292855858016549,8.475260822640605,8.96061278330735,9.092223288164048
0.803333,3.7948584962225684,3.9509023863772637,4.494927449334452,5.89762861254347,6.049025662549466,6.299454371027701,8.47724247511692,8.963182036215374,9.088949514330254
0.806667,3.7928888355917976,3.949028660510853,4.490364552104569,5.889468161650077,6.051567933805012,6.3060348962705355,8.47920613982492,8.965763280968941,9.085657752728144
0.81,3.7901337090778267,3.9472568653315747,4.486530159491545,5.881121837150737,6.05417316224967,6.312594435783668,8.481145820841828,8.968347523683894,9.082351001319102
0.813333,3.7865721309509532,3.9455899988008154,4.4834542511092454,5.87260462885238,6.056829356037894,6.319126993644321,8.483061518167647,8.970934764360235,9.079035256025902
0.816667,3.7821891114042447,3.944025062957189,4.481148818803213,5.86393752248471,6.059524523324139,6.325623575968342,8.484950233840987,8.973525002997961,9.075710516848542
0.82,3.776984650437702,3.9425650557620813,4.479622856457609,5.855132509893272,6.062249670224247,6.332084182755725,8.48680597193908,8.976115241635688,9.072385777671183
0.823333,3.770961746012711,3.9412159731382657,4.4788763640724305,5.846207578846384,6.064992804892673,6.33849682216093,8.48862573450054,8.97869948435064,9.06906403645521
0.826667,3.7641293920134307,3.939974817124355,4.478897349802135,5.837174721189591,6.067747931406643,6.344864492145341,8.490406523563976,8.98128072910421,9.065751289123396
0.83,3.7565085741695645,3.938844585681736,4.479676819762561,5.828045928768437,6.070509053843386,6.351175200863413,8.492145341168005,8.98384998201223,9.062447535675739
0.833333,3.748126274133589,3.9378222808490224,4.481184794339849,5.818833193428468,6.07327017628013,6.357425950353759,8.493842187312627,8.986410241036095,9.0591617699964
0.836667,3.739012471519367,3.936913898548987,4.48339429188152,5.809551504976616,6.0760253027941,6.363616740616381,8.495488068113682,8.988958508214413,9.055893992085382
0.84,3.729206139824919,3.9361164408202423,4.486275332773714,5.800206859335652,6.078768437462525,6.369738577767118,8.497085981532559,8.991491785585803,9.052653195826839
0.843333,3.718746252548267,3.935426909701403,4.489788943518407,5.790817244273893,6.08149658232402,6.375788463844586,8.49862993164648,8.99400707518887,9.049439381220768
0.846667,3.7076807770715914,3.9348513011152413,4.493890154694808,5.781385657752727,6.08420374145581,6.3817634008873965,8.500116920494063,8.996504377023623,9.046261542151337
0.85,3.696051684854299,3.9343806211775987,4.498542990766279,5.771930087540473,6.086892912819283,6.387657392972778,8.501546948075308,8.998980693128672,9.043119678618538
0.853333,3.6839099412399565,3.9340178678498616,4.5036994843506415,5.762459527521285,6.0895521045688925,6.393470440100732,8.502917016428826,9.001430027581245,9.040022784506535
0.856667,3.671306511572131,3.9337630411320297,4.5093176639884875,5.752982971579326,6.092184314666027,6.399199544309869,8.504224127593236,9.003858376304112,9.036967861853938
0.86,3.658286365271615,3.933610145101331,4.515352560259024,5.743512411560139,6.0947835471879115,6.404835711716033,8.505468281568533,9.006256745413118,9.03396390454491
0.863333,3.6449034656433623,3.933556181796378,4.521756205780069,5.734059839309269,6.097349802134548,6.410381940280609,8.506646480393332,9.008625134908261,9.031010912579445
0.866667,3.63119978414678,3.9336041491785587,4.52849262501499,5.724634248710876,6.0998800815445495,6.415832234080824,8.50776172202902,9.010963544789544,9.02811488188032
0.87,3.6172262861254345,3.9337450533637126,4.535516848542991,5.715247631610505,6.10237138745653,6.421180597193908,8.508805012591438,9.013268977095574,9.025281808370307
0.873333,3.6030279410001196,3.933978894351841,4.542789902866051,5.705908981892313,6.104817723947715,6.426430027581245,8.509785345964744,9.015538433864972,9.02250869408802
0.876667,3.5886497181916295,3.934302674181556,4.550272814486149,5.6966302914018465,6.10722508694088,6.431574529320062,8.51069372826478,9.017771915097734,9.01980153495623
0.88,3.574136587120758,3.934710396930087,4.557929607866651,5.68742355198465,6.109584482551865,6.436614102410361,8.511536155414317,9.017166326897708,9.01996942079386
0.883333,3.5595275212855255,3.935199064636047,4.565721309509533,5.678300755486268,6.111898908742056,6.441542750929368,8.512306631490587,9.014600071951072,9.022121957069192
0.886667,3.5448644921453414,3.9357656793380498,4.573617939800935,5.669270895790862,6.114165367550066,6.446360474877083,8.513014150377742,9.012105768077706,9.024235519846505
0.89,3.530186473198225,3.9364042451133225,4.581589519126993,5.660342966782587,6.116377863053123,6.451061278330735,8.513652716153016,9.009689411200384,9.026307111164408
0.893333,3.5155324379421993,3.9371117640004796,4.589600071951073,5.651531958268377,6.118542391174001,6.455648159251709,8.514222328816405,9.007348003357716,9.028330735100132
0.896667,3.500938361913898,3.9378792421153612,4.597625614582084,5.642843866171003,6.120652955989927,6.460118119678619,8.51473198225207,9.005087540472477,9.030309389615061
0.9,3.4864372226885716,3.938706679457969,4.605636167406163,5.634296678258784,6.122706559539513,6.464465163688692,8.515175680537235,9.002905024583283,9.032240076747811
0.903333,3.472064995802854,3.9395850821441423,4.613607746732222,5.625896390454491,6.124706199784147,6.468689291281928,8.515559419594675,9.000806451612902,9.03412279649838
0.906667,3.4578576567933803,3.940511452212495,4.621516368869169,5.617651996642283,6.126648878762441,6.472787504496941,8.51588319942439,8.998785825638565,9.035954550905384
0.91,3.4438421873126273,3.941479793740257,4.629338050125914,5.609578486629092,6.128531598513011,6.476762801295119,8.516153015949154,8.996852140544428,9.037732342007434
0.913333,3.4300515649358436,3.9424811128432666,4.637048806811368,5.601687852260462,6.130357356997242,6.480606187792301,8.51636587120758,8.994996402446336,9.039459167765918
0.916667,3.4165187672382777,3.9435124115601394,4.644630651157213,5.593986089459167,6.132120158292361,6.484320661949874,8.516530759083823,8.993227605228444,9.041129032258064
0.92,3.4032677779110205,3.9445706919294876,4.652062597433745,5.586485190070752,6.1338230003597545,6.487903225806452,8.516644681616501,8.991539752967983,9.042744933445256
0.923333,3.3903285765679336,3.9456439621057675,4.659326657872647,5.5791971459407605,6.135462885238038,6.491353879362033,8.51671663268977,8.989932845664947,9.044303873366111
0.926667,3.377728144861494,3.946729224127593,4.666404844705601,5.572130950953351,6.137039812927209,6.494669624655234,8.516746612303633,8.988406883319342,9.045805852020626
0.93,3.3654964624055643,3.947820482072191,4.673279170164288,5.565298596954071,6.138550785465883,6.497847463724667,8.516737618419475,8.986964863892553,9.047247871447414
0.933333,3.3536515169684615,3.948908742055402,4.679934644441779,5.558706079865691,6.139998800815445,6.500887396570332,8.516698644921453,8.985600791461806,9.048626933685094
0.936667,3.3422232881640483,3.9499940040772272,4.686356277731142,5.552368389495143,6.14138086101451,6.503786425230843,8.516626693848183,8.9843146660271,9.049949034656432
0.94,3.3312297637606427,3.951064276292121,4.692532078186833,5.546288523803813,6.142693968101691,6.506547547667585,8.516530759083823,8.983106487588438,9.051208178438662
0.943333,3.3206979254107205,3.9521165607386974,4.6984470560019185,5.540481472598633,6.143941120038374,6.509164767957788,8.516410840628373,8.98197625614582,9.052401367070392
0.946667,3.3106487588439864,3.9531448614941835,4.704089219330855,5.53495622976376,6.145122316824559,6.511641084062838,8.516272934404604,8.98092097373786,9.053534596474398
0.95,3.3011032497901422,3.954143182635807,4.709446576328097,5.529715793260582,6.146231562537475,6.513970500059959,8.516120038373904,8.979937642403167,9.054601870727906
0.953333,3.2920763880561217,3.955105528240796,4.714507135148099,5.524772154934644,6.1472748530998915,6.516156013910541,8.515958148459047,8.979029260103129,9.055603189830913
0.956667,3.283589159371627,3.956025902386377,4.719264899868089,5.520134308670104,6.148246192589039,6.518197625614581,8.51578726466003,8.978186832953591,9.056538553783426
0.96,3.2756625494663627,3.9569013071111643,4.723704880681137,5.5158082503897345,6.149148578966303,6.520089339249311,8.515613382899629,8.977419354838709,9.057407962585442
0.963333,3.2683055522244873,3.957725746492385,4.727821081664468,5.5117999760163086,6.149982012231682,6.521831154814726,8.515439501139225,8.976714833912938,9.058208418275573
0.966667,3.261536155414318,3.9584962225686535,4.731607506895311,5.508118479433985,6.150740496462405,6.5234290682336,8.515268617340208,8.976079266099052,9.058942918815205
0.97,3.2553723468041733,3.9592037414558097,4.7350521645281205,5.504766758604148,6.151430027581244,6.524874085621777,8.51510672742535,8.975509653435662,9.059608466242954
0.973333,3.2498201223168244,3.9598513011152416,4.738155054562896,5.50175380741096,6.152047607626813,6.52616920494064,8.514950833433264,8.975,9.06020506055882
0.976667,3.2448944717592036,3.960429907662789,4.740904185154095,5.499082623815805,6.152593236599112,6.527311428228804,8.514806931286724,8.974556301714834,9.0607327017628
0.98,3.240604389015469,3.9609395610984532,4.743296558340329,5.496759203741456,6.153066914498141,6.528306751409041,8.514678018947116,8.974172562657392,9.061191389854898
0.983333,3.2369618659311667,3.9613742654994604,4.745329176160211,5.494783547187912,6.153468641323899,6.529146180597194,8.514567094375824,8.973851780789063,9.061578126873725
0.986667,3.2339669025062956,3.9617340208658116,4.746999040652356,5.493164648039333,6.153798417076388,6.529835711716033,8.514471159611464,8.973587960187071,9.061895910780668
0.99,3.2316344885477872,3.9620158292361194,4.7483001558939915,5.491902506295719,6.15405324379422,6.530369348842787,8.514396210576807,8.973384098812806,9.062144741575729
0.993333,3.2299646240556417,3.962216692648999,4.749229523923732,5.4909971219570695,6.154236119438782,6.530753087900227,8.514342247271854,8.973240196666266,9.062321621297517
0.996667,3.228960306991246,3.962339609065835,4.749790142702961,5.490454490946156,6.154347044010073,6.530983930926969,8.514309269696607,8.973153255786064,9.062426549946036
1.0,3.2286245353159853,3.962378582563856,4.74997601630891,5.490274613262981,6.1543830195467075,6.531058879961626,8.51429727785106,8.973123276172203,9.062462525482673
